{"AllTime":{"Ticks":362158004,"Days":0,"Hours":0,"Milliseconds":215,"Minutes":0,"Seconds":36,"TotalDays":0.00041916435648148146,"TotalHours":0.010059944555555556,"TotalMilliseconds":36215.8004,"TotalMinutes":0.60359667333333333,"TotalSeconds":36.2158004},"todayTime":{"Ticks":362158004,"Days":0,"Hours":0,"Milliseconds":215,"Minutes":0,"Seconds":36,"TotalDays":0.00041916435648148146,"TotalHours":0.010059944555555556,"TotalMilliseconds":36215.8004,"TotalMinutes":0.60359667333333333,"TotalSeconds":36.2158004},"TimeLog":[{"ID":"16b6dad9-d062-42b3-bca4-d3eece7e23fe","startDate":"\/Date(1645061654649)\/","endDate":"\/Date(1645061690865)\/","Log":"","leaveSecound":0}],"Count":1}